env,epoch,test_loss,train_loss,test_loss_std
criss_cross_bh,0,18.014942169189453,15.207892417907715,2.009702444076538
criss_cross_bh,1,17.65472412109375,15.39653205871582,2.2422759532928467
criss_cross_bh,2,18.10432243347168,17.079708099365234,2.3125948905944824
criss_cross_bh,3,18.308307647705078,16.62044906616211,2.5962891578674316
criss_cross_bh,4,18.045063018798828,16.255319595336914,2.256082534790039
criss_cross_bh,5,17.897111892700195,15.091714859008789,2.4394285678863525
criss_cross_bh,6,17.997743606567383,12.93264389038086,2.504232883453369
criss_cross_bh,7,17.831287384033203,26.743885040283203,2.5668134689331055
criss_cross_bh,8,17.826902389526367,27.332805633544922,2.1104531288146973
criss_cross_bh,9,17.597684860229492,18.246490478515625,2.3612663745880127
criss_cross_bh,10,17.735065460205078,19.398603439331055,2.347960948944092
criss_cross_bh,11,17.400245666503906,16.38479232788086,2.4727883338928223
criss_cross_bh,12,17.278568267822266,15.251433372497559,1.9955878257751465
criss_cross_bh,13,17.64522361755371,22.1070556640625,2.0044150352478027
criss_cross_bh,14,17.2938289642334,22.129234313964844,2.157011032104492
criss_cross_bh,15,17.131319046020508,18.591703414916992,2.3003649711608887
criss_cross_bh,16,17.203378677368164,17.26420783996582,2.1115167140960693
criss_cross_bh,17,17.033533096313477,18.291038513183594,2.256612777709961
criss_cross_bh,18,17.17863655090332,15.804780960083008,2.596982717514038
criss_cross_bh,19,16.6743221282959,19.01653289794922,2.052109718322754
criss_cross_bh,20,16.87468147277832,17.958423614501953,2.193347215652466
criss_cross_bh,21,16.399425506591797,18.62141990661621,2.2008249759674072
criss_cross_bh,22,16.489145278930664,15.434236526489258,2.0891835689544678
criss_cross_bh,23,16.47356605529785,16.922119140625,2.0294888019561768
criss_cross_bh,24,16.319272994995117,15.872547149658203,1.7098034620285034
criss_cross_bh,25,16.422948837280273,11.655560493469238,2.168959856033325
criss_cross_bh,26,15.911886215209961,15.964357376098633,2.0930871963500977
criss_cross_bh,27,15.888252258300781,14.576520919799805,1.9060472249984741
criss_cross_bh,28,16.033231735229492,17.38490867614746,1.892539620399475
criss_cross_bh,29,16.207433700561523,14.199762344360352,2.166790723800659
criss_cross_bh,30,16.44293975830078,16.78228187561035,2.207747220993042
criss_cross_bh,31,15.874273300170898,13.044907569885254,1.6691882610321045
criss_cross_bh,32,16.273439407348633,16.73810577392578,1.9936577081680298
criss_cross_bh,33,16.592529296875,14.107158660888672,1.9034751653671265
criss_cross_bh,34,16.143016815185547,15.004965782165527,2.1824588775634766
criss_cross_bh,35,16.084659576416016,13.906582832336426,1.9832336902618408
criss_cross_bh,36,16.164976119995117,19.262178421020508,1.9623364210128784
criss_cross_bh,37,15.904862403869629,12.76196002960205,1.858919382095337
criss_cross_bh,38,16.16478729248047,30.51761245727539,2.319808006286621
criss_cross_bh,39,16.009450912475586,19.726173400878906,2.1175408363342285
criss_cross_bh,40,16.066242218017578,14.365347862243652,1.9471821784973145
criss_cross_bh,41,16.04216766357422,14.753912925720215,1.9251607656478882
criss_cross_bh,42,15.901259422302246,12.391518592834473,2.2022604942321777
criss_cross_bh,43,16.14048957824707,11.946167945861816,2.209135055541992
criss_cross_bh,44,16.055688858032227,17.01210594177246,1.747930645942688
criss_cross_bh,45,15.89268684387207,17.037412643432617,1.6508029699325562
criss_cross_bh,46,16.043668746948242,14.355506896972656,2.010270357131958
criss_cross_bh,47,15.762173652648926,14.343086242675781,1.847416639328003
criss_cross_bh,48,15.799266815185547,16.662033081054688,1.8161835670471191
criss_cross_bh,49,15.964456558227539,13.819891929626465,2.071230888366699
criss_cross_bh,50,15.68636703491211,13.282831192016602,2.0878400802612305
criss_cross_bh,51,15.801258087158203,11.207805633544922,2.295548439025879
criss_cross_bh,52,15.818659782409668,13.844390869140625,1.876637578010559
criss_cross_bh,53,15.575021743774414,14.003976821899414,1.4761077165603638
criss_cross_bh,54,15.809383392333984,17.34633445739746,2.135119915008545
criss_cross_bh,55,15.64274787902832,16.435731887817383,2.0016355514526367
criss_cross_bh,56,15.349549293518066,13.038076400756836,1.8352899551391602
criss_cross_bh,57,15.83108901977539,24.738086700439453,1.7157014608383179
criss_cross_bh,58,15.732534408569336,14.474644660949707,2.1040422916412354
criss_cross_bh,59,15.239126205444336,16.823055267333984,1.787326693534851
criss_cross_bh,60,15.59318733215332,12.289459228515625,1.8694473505020142
criss_cross_bh,61,15.408007621765137,14.583992958068848,1.7832729816436768
criss_cross_bh,62,15.1986083984375,19.171527862548828,1.6259870529174805
criss_cross_bh,63,15.35958480834961,11.948460578918457,1.7797211408615112
criss_cross_bh,64,15.389904975891113,16.838260650634766,1.7420763969421387
criss_cross_bh,65,15.441973686218262,16.865407943725586,1.929520845413208
criss_cross_bh,66,15.422179222106934,13.36249828338623,1.80598783493042
criss_cross_bh,67,15.946362495422363,17.31798553466797,2.044430732727051
criss_cross_bh,68,15.867168426513672,11.996406555175781,1.6632659435272217
criss_cross_bh,69,15.949233055114746,27.914291381835938,1.9577269554138184
criss_cross_bh,70,15.947213172912598,17.0740909576416,1.7881163358688354
criss_cross_bh,71,16.123329162597656,16.445613861083984,1.9943645000457764
criss_cross_bh,72,16.257884979248047,23.32921028137207,1.9938910007476807
criss_cross_bh,73,16.135784149169922,15.266340255737305,1.8757877349853516
criss_cross_bh,74,16.170011520385742,28.224018096923828,1.8738259077072144
criss_cross_bh,75,16.135086059570312,13.889239311218262,2.421450138092041
criss_cross_bh,76,15.97735595703125,16.3413143157959,2.114839553833008
criss_cross_bh,77,15.663578987121582,12.249834060668945,2.1284127235412598
criss_cross_bh,78,15.675188064575195,19.739944458007812,1.8606593608856201
criss_cross_bh,79,15.663766860961914,12.540682792663574,1.87809157371521
criss_cross_bh,80,15.678993225097656,17.59385108947754,1.764219045639038
criss_cross_bh,81,15.770515441894531,20.37646484375,1.8085730075836182
criss_cross_bh,82,15.607385635375977,20.10126495361328,1.8670356273651123
criss_cross_bh,83,15.716442108154297,16.79220199584961,2.1801114082336426
criss_cross_bh,84,15.215381622314453,22.33539390563965,1.7000819444656372
criss_cross_bh,85,15.470069885253906,13.282236099243164,1.7377821207046509
criss_cross_bh,86,15.888197898864746,12.568007469177246,1.9042829275131226
criss_cross_bh,87,15.571755409240723,13.073114395141602,1.8731889724731445
criss_cross_bh,88,15.52637004852295,11.56385326385498,1.787204384803772
criss_cross_bh,89,15.681743621826172,12.134525299072266,1.9197419881820679
criss_cross_bh,90,15.892982482910156,12.256900787353516,2.167466163635254
criss_cross_bh,91,15.631572723388672,18.793338775634766,2.229133129119873
criss_cross_bh,92,16.142263412475586,14.515053749084473,2.2413809299468994
criss_cross_bh,93,15.725796699523926,13.654120445251465,1.6382418870925903
criss_cross_bh,94,15.780500411987305,15.398774147033691,1.8004257678985596
criss_cross_bh,95,15.921481132507324,17.53327178955078,2.1984896659851074
criss_cross_bh,96,15.964683532714844,15.403120994567871,2.049769639968872
criss_cross_bh,97,16.229629516601562,14.308937072753906,2.008671998977661
criss_cross_bh,98,16.113737106323242,20.072834014892578,1.8112655878067017
criss_cross_bh,99,15.963226318359375,13.148788452148438,1.9111731052398682
reentrant_2,0,16.392847061157227,12.261873245239258,5.12761116027832
reentrant_2,1,15.813817024230957,14.371681213378906,4.756735324859619
reentrant_2,2,15.434128761291504,15.80754280090332,3.660041332244873
reentrant_2,3,16.09690284729004,12.061141014099121,4.698297500610352
reentrant_2,4,16.122447967529297,13.058895111083984,4.426671028137207
reentrant_2,5,16.4977970123291,18.174236297607422,5.044003963470459
reentrant_2,6,15.246135711669922,12.488351821899414,4.216463088989258
reentrant_2,7,15.379319190979004,18.586891174316406,3.74589204788208
reentrant_2,8,15.143392562866211,13.178831100463867,4.281749248504639
reentrant_2,9,16.851299285888672,13.155311584472656,5.077145099639893
reentrant_2,10,15.469426155090332,19.62176513671875,4.404628753662109
reentrant_2,11,15.460809707641602,15.648810386657715,4.630667686462402
reentrant_2,12,15.655200004577637,14.639370918273926,4.389021873474121
reentrant_2,13,14.712238311767578,15.235725402832031,3.2597930431365967
reentrant_2,14,16.04598045349121,18.65922737121582,4.206812381744385
reentrant_2,15,15.636432647705078,12.083276748657227,4.6367621421813965
reentrant_2,16,15.590309143066406,17.184064865112305,4.9149169921875
reentrant_2,17,15.488001823425293,10.087501525878906,4.749136447906494
reentrant_2,18,15.803086280822754,9.284525871276855,4.408909797668457
reentrant_2,19,15.918989181518555,23.42707633972168,4.083704948425293
reentrant_2,20,16.091291427612305,21.0690975189209,5.186208724975586
reentrant_2,21,15.478041648864746,14.743427276611328,4.9433135986328125
reentrant_2,22,15.640497207641602,13.810514450073242,4.647590160369873
reentrant_2,23,17.92000389099121,10.749031066894531,13.589088439941406
reentrant_2,24,16.758459091186523,13.98374080657959,6.1732892990112305
reentrant_2,25,18.47051239013672,13.784112930297852,9.7494535446167
reentrant_2,26,16.919910430908203,19.489126205444336,7.7880024909973145
reentrant_2,27,18.024738311767578,12.409381866455078,9.119768142700195
reentrant_2,28,19.917682647705078,9.814882278442383,9.614075660705566
reentrant_2,29,22.31633949279785,11.442553520202637,12.911008834838867
reentrant_2,30,20.652620315551758,9.085391998291016,9.831433296203613
reentrant_2,31,23.48749351501465,15.165769577026367,16.666105270385742
reentrant_2,32,22.1436767578125,13.463214874267578,13.567631721496582
reentrant_2,33,25.254833221435547,27.150920867919922,14.749009132385254
reentrant_2,34,22.77912139892578,47.76694869995117,12.404189109802246
reentrant_2,35,23.772777557373047,13.842964172363281,12.873661041259766
reentrant_2,36,27.433612823486328,13.085179328918457,18.514127731323242
reentrant_2,37,23.925827026367188,10.251898765563965,12.433692932128906
reentrant_2,38,25.043376922607422,19.449953079223633,14.080493927001953
reentrant_2,39,23.754541397094727,67.48345184326172,11.305583953857422
reentrant_2,40,21.543607711791992,13.888638496398926,10.025762557983398
reentrant_2,41,23.725421905517578,28.738176345825195,14.467083930969238
reentrant_2,42,21.46780014038086,14.802878379821777,13.65062141418457
reentrant_2,43,20.783945083618164,15.280967712402344,9.34717082977295
reentrant_2,44,21.335678100585938,17.341209411621094,9.45695972442627
reentrant_2,45,18.71255874633789,8.909669876098633,9.528379440307617
reentrant_2,46,19.634248733520508,13.78427791595459,9.811890602111816
reentrant_2,47,18.655275344848633,12.79712963104248,9.523374557495117
reentrant_2,48,18.548437118530273,26.760160446166992,8.100703239440918
reentrant_2,49,17.184011459350586,17.99850845336914,5.72776460647583
reentrant_2,50,17.26445960998535,12.799383163452148,5.069931983947754
reentrant_2,51,17.448408126831055,17.8262939453125,5.624812126159668
reentrant_2,52,17.900463104248047,16.55531883239746,5.843662738800049
reentrant_2,53,17.63319206237793,15.20207405090332,5.966614246368408
reentrant_2,54,18.614917755126953,19.292011260986328,6.75356388092041
reentrant_2,55,19.060029983520508,12.16735553741455,11.497926712036133
reentrant_2,56,17.394079208374023,11.843913078308105,5.317575454711914
reentrant_2,57,18.80942153930664,14.863639831542969,8.058271408081055
reentrant_2,58,18.78643798828125,11.709324836730957,8.531234741210938
reentrant_2,59,18.03327751159668,20.56879425048828,5.577545166015625
reentrant_2,60,18.500019073486328,16.726943969726562,8.073227882385254
reentrant_2,61,18.359575271606445,10.942184448242188,9.1057710647583
reentrant_2,62,19.22976303100586,15.78489875793457,9.937320709228516
reentrant_2,63,18.71204376220703,17.51140594482422,7.20011568069458
reentrant_2,64,18.27058219909668,13.510873794555664,5.716021537780762
reentrant_2,65,17.38393211364746,14.3738431930542,5.7628679275512695
reentrant_2,66,17.449880599975586,14.099956512451172,7.183176517486572
reentrant_2,67,16.906328201293945,15.410025596618652,7.448281288146973
reentrant_2,68,16.84759521484375,13.354830741882324,5.357601165771484
reentrant_2,69,17.485309600830078,10.662384033203125,5.080146789550781
reentrant_2,70,17.115833282470703,16.342784881591797,6.091355800628662
reentrant_2,71,16.551185607910156,12.013524055480957,5.157521724700928
reentrant_2,72,15.556556701660156,11.240155220031738,4.170294284820557
reentrant_2,73,17.345693588256836,13.365667343139648,7.029072284698486
reentrant_2,74,16.80005645751953,11.87462043762207,5.0731120109558105
reentrant_2,75,16.928747177124023,12.49809455871582,5.179490566253662
reentrant_2,76,15.4852933883667,14.11620044708252,4.877053737640381
reentrant_2,77,15.30024528503418,11.957291603088379,4.7190937995910645
reentrant_2,78,16.464717864990234,8.72180461883545,6.095637798309326
reentrant_2,79,15.438433647155762,11.721311569213867,3.624797821044922
reentrant_2,80,16.467308044433594,14.319681167602539,6.726346015930176
reentrant_2,81,15.893106460571289,14.772812843322754,4.399077415466309
reentrant_2,82,16.275344848632812,16.82941246032715,5.688594341278076
reentrant_2,83,15.861832618713379,20.68861198425293,4.159392833709717
reentrant_2,84,17.110971450805664,11.251307487487793,4.357503890991211
reentrant_2,85,17.022666931152344,13.397420883178711,6.105289459228516
reentrant_2,86,17.279943466186523,14.38553237915039,5.880484580993652
reentrant_2,87,17.60613441467285,11.268162727355957,5.863256454467773
reentrant_2,88,17.7492618560791,18.377012252807617,6.930373668670654
reentrant_2,89,17.43354606628418,14.245721817016602,5.525798797607422
reentrant_2,90,17.10277557373047,9.670327186584473,4.526189804077148
reentrant_2,91,17.746173858642578,11.786040306091309,5.438975811004639
reentrant_2,92,18.146203994750977,11.176376342773438,7.248440265655518
reentrant_2,93,17.58356475830078,14.674622535705566,5.465843677520752
reentrant_2,94,16.98828887939453,13.818285942077637,5.577232837677002
reentrant_2,95,16.276151657104492,11.8463716506958,4.336154937744141
reentrant_2,96,17.0113525390625,22.404062271118164,5.717709064483643
reentrant_2,97,17.11761474609375,17.856250762939453,5.80388879776001
reentrant_2,98,17.176044464111328,12.49966812133789,5.821958541870117
reentrant_2,99,17.938491821289062,23.924890518188477,5.875831604003906
reentrant_3,0,25.072040557861328,22.866270065307617,3.792876720428467
reentrant_3,1,25.071548461914062,23.7469425201416,3.8733580112457275
reentrant_3,2,24.36017417907715,18.691303253173828,3.122363805770874
reentrant_3,3,24.398151397705078,20.056612014770508,3.975212574005127
reentrant_3,4,24.703125,19.367252349853516,3.959914207458496
reentrant_3,5,24.58709716796875,25.69101905822754,4.015061378479004
reentrant_3,6,24.456830978393555,18.054967880249023,3.1155717372894287
reentrant_3,7,24.540307998657227,22.996437072753906,3.0410523414611816
reentrant_3,8,24.200407028198242,23.385513305664062,3.4385592937469482
reentrant_3,9,24.983823776245117,18.91109848022461,4.147539138793945
reentrant_3,10,25.263565063476562,23.731422424316406,4.466108798980713
reentrant_3,11,24.57241439819336,40.849151611328125,4.285081386566162
reentrant_3,12,24.42334747314453,23.837478637695312,3.6560182571411133
reentrant_3,13,24.40715980529785,18.55425453186035,4.0301923751831055
reentrant_3,14,24.64260482788086,43.74696731567383,4.226953983306885
reentrant_3,15,23.98358726501465,26.121700286865234,3.492662191390991
reentrant_3,16,23.952489852905273,16.803813934326172,3.4751226902008057
reentrant_3,17,25.155925750732422,19.16708755493164,3.726139545440674
reentrant_3,18,24.110595703125,19.38869857788086,3.0837655067443848
reentrant_3,19,24.53304672241211,19.469167709350586,3.705519676208496
reentrant_3,20,24.3233642578125,29.930566787719727,3.8180160522460938
reentrant_3,21,23.721529006958008,38.03810501098633,3.930562734603882
reentrant_3,22,24.392250061035156,18.12419319152832,3.5392348766326904
reentrant_3,23,24.159435272216797,20.205739974975586,3.5590879917144775
reentrant_3,24,23.771303176879883,23.905000686645508,4.138355731964111
reentrant_3,25,23.806245803833008,18.352535247802734,3.4942097663879395
reentrant_3,26,23.421030044555664,42.42433166503906,2.8949899673461914
reentrant_3,27,23.80770492553711,21.418163299560547,3.3252487182617188
reentrant_3,28,22.791851043701172,20.2740421295166,3.047166347503662
reentrant_3,29,22.66278839111328,25.261760711669922,2.5623435974121094
reentrant_3,30,23.123903274536133,21.909976959228516,3.6815707683563232
reentrant_3,31,23.38579559326172,20.00945281982422,3.318260431289673
reentrant_3,32,22.71114730834961,28.13362693786621,3.017333984375
reentrant_3,33,23.009828567504883,23.120208740234375,3.28143572807312
reentrant_3,34,23.162372589111328,23.82630729675293,3.348479986190796
reentrant_3,35,22.823711395263672,35.4633674621582,2.9776926040649414
reentrant_3,36,23.97003746032715,31.275508880615234,3.8076934814453125
reentrant_3,37,22.944740295410156,23.904237747192383,3.166203022003174
reentrant_3,38,23.327735900878906,19.57444190979004,3.6713685989379883
reentrant_3,39,22.958749771118164,23.173324584960938,3.2763473987579346
reentrant_3,40,22.656015396118164,20.03133201599121,3.7714076042175293
reentrant_3,41,23.329065322875977,17.503576278686523,3.0781655311584473
reentrant_3,42,22.627887725830078,21.65287971496582,3.390644073486328
reentrant_3,43,23.31633758544922,16.13616371154785,3.3611032962799072
reentrant_3,44,22.301795959472656,21.953941345214844,3.1804163455963135
reentrant_3,45,22.412405014038086,19.72701644897461,2.8689322471618652
reentrant_3,46,22.9754695892334,15.732874870300293,3.369602918624878
reentrant_3,47,22.17707061767578,21.28896713256836,3.32499098777771
reentrant_3,48,23.010210037231445,20.77716827392578,3.8939592838287354
reentrant_3,49,23.167024612426758,24.231792449951172,3.5269694328308105
reentrant_3,50,22.9786434173584,26.18305206298828,3.789243221282959
reentrant_3,51,23.299345016479492,26.905902862548828,3.807033061981201
reentrant_3,52,22.504243850708008,14.581521987915039,3.1314845085144043
reentrant_3,53,22.132911682128906,19.018468856811523,2.8176822662353516
reentrant_3,54,23.005016326904297,17.370641708374023,3.680391788482666
reentrant_3,55,22.350658416748047,19.788524627685547,3.484222650527954
reentrant_3,56,22.546659469604492,16.291786193847656,3.728012800216675
reentrant_3,57,23.042722702026367,18.108400344848633,3.357539176940918
reentrant_3,58,22.6009464263916,17.59490966796875,3.1611647605895996
reentrant_3,59,22.4480037689209,17.52933692932129,3.098381757736206
reentrant_3,60,22.27432632446289,17.988798141479492,3.0314207077026367
reentrant_3,61,22.188203811645508,19.923221588134766,3.3065781593322754
reentrant_3,62,21.99386215209961,26.016088485717773,3.0948784351348877
reentrant_3,63,22.894132614135742,21.763174057006836,3.1066861152648926
reentrant_3,64,22.906644821166992,28.92782974243164,3.3015661239624023
reentrant_3,65,22.605024337768555,19.350933074951172,4.066376209259033
reentrant_3,66,22.107955932617188,14.703914642333984,2.908303737640381
reentrant_3,67,22.780839920043945,21.85806655883789,4.008264064788818
reentrant_3,68,22.662025451660156,18.370914459228516,3.6874687671661377
reentrant_3,69,23.24102210998535,19.490943908691406,3.434523820877075
reentrant_3,70,22.665998458862305,17.07431983947754,3.658043146133423
reentrant_3,71,22.7967472076416,18.217262268066406,3.484574556350708
reentrant_3,72,22.673818588256836,15.375020027160645,3.980414390563965
reentrant_3,73,22.748456954956055,18.777992248535156,3.2409820556640625
reentrant_3,74,23.419395446777344,16.253969192504883,3.6933434009552
reentrant_3,75,23.08245277404785,29.940078735351562,3.2646644115448
reentrant_3,76,22.707101821899414,19.633472442626953,2.856424570083618
reentrant_3,77,22.379140853881836,19.05360984802246,3.364769697189331
reentrant_3,78,22.99163818359375,29.817970275878906,3.729210376739502
reentrant_3,79,22.422279357910156,15.457865715026855,3.666604995727539
reentrant_3,80,22.342117309570312,25.42006492614746,2.976651191711426
reentrant_3,81,22.527118682861328,22.06128692626953,3.3048696517944336
reentrant_3,82,23.349363327026367,24.12816619873047,3.674879789352417
reentrant_3,83,23.15155601501465,16.79979705810547,3.7272253036499023
reentrant_3,84,23.14592742919922,23.480995178222656,3.0216972827911377
reentrant_3,85,22.621315002441406,18.6823673248291,3.2439939975738525
reentrant_3,86,22.884605407714844,27.6449031829834,3.312706232070923
reentrant_3,87,22.499431610107422,33.014888763427734,3.160341739654541
reentrant_3,88,22.608720779418945,18.945405960083008,3.5713613033294678
reentrant_3,89,22.37738800048828,17.577983856201172,3.025447368621826
reentrant_3,90,22.635696411132812,21.651025772094727,3.133396863937378
reentrant_3,91,22.14221954345703,17.911720275878906,3.2368767261505127
reentrant_3,92,22.494491577148438,23.92177963256836,3.1958541870117188
reentrant_3,93,22.314931869506836,22.074241638183594,3.0086374282836914
reentrant_3,94,22.530778884887695,15.644706726074219,3.0822362899780273
reentrant_3,95,22.0327205657959,25.735294342041016,3.0530946254730225
reentrant_3,96,22.332780838012695,26.441226959228516,3.475921154022217
reentrant_3,97,22.5719051361084,29.33156967163086,3.5270962715148926
reentrant_3,98,22.75104522705078,23.759401321411133,3.40457820892334
reentrant_3,99,22.20013427734375,29.580169677734375,3.23128342628479
reentrant_4,0,33.969722747802734,28.389739990234375,4.204833030700684
reentrant_4,1,35.2489128112793,31.92667579650879,5.705296993255615
reentrant_4,2,32.64459991455078,28.638816833496094,5.303745746612549
reentrant_4,3,33.70685958862305,28.220659255981445,5.108800411224365
reentrant_4,4,34.48877716064453,22.20095443725586,6.309154510498047
reentrant_4,5,33.95919418334961,32.99183654785156,6.06525993347168
reentrant_4,6,33.7618522644043,23.93379020690918,5.545597076416016
reentrant_4,7,34.43980407714844,22.356218338012695,5.603006362915039
reentrant_4,8,35.004554748535156,36.43925857543945,6.488495826721191
reentrant_4,9,35.442626953125,38.11814498901367,6.60522985458374
reentrant_4,10,35.870216369628906,26.335718154907227,10.946280479431152
reentrant_4,11,35.029815673828125,22.966196060180664,6.657465934753418
reentrant_4,12,35.486656188964844,27.463699340820312,6.73544979095459
reentrant_4,13,35.5459098815918,30.870763778686523,7.605887413024902
reentrant_4,14,37.2448844909668,28.82093620300293,8.581867218017578
reentrant_4,15,35.2220573425293,25.391157150268555,8.043603897094727
reentrant_4,16,35.31747055053711,33.454566955566406,7.317468643188477
reentrant_4,17,35.95262145996094,33.89033889770508,7.587602615356445
reentrant_4,18,34.18941879272461,32.34374237060547,6.72628116607666
reentrant_4,19,34.2758903503418,39.142669677734375,7.339045524597168
reentrant_4,20,33.70649719238281,40.62995147705078,5.738980293273926
reentrant_4,21,33.33100891113281,32.61466598510742,7.2899394035339355
reentrant_4,22,33.273319244384766,35.175628662109375,4.436983585357666
reentrant_4,23,34.030662536621094,22.237829208374023,6.348071575164795
reentrant_4,24,34.194759368896484,21.626323699951172,7.178427696228027
reentrant_4,25,33.69779968261719,24.26304054260254,5.23810338973999
reentrant_4,26,34.9651985168457,33.017147064208984,8.614147186279297
reentrant_4,27,36.645240783691406,28.2529354095459,9.623958587646484
reentrant_4,28,36.953529357910156,24.961395263671875,7.071656703948975
reentrant_4,29,36.62738037109375,32.90882110595703,8.040935516357422
reentrant_4,30,38.49232482910156,26.300804138183594,8.545064926147461
reentrant_4,31,38.99983215332031,30.781112670898438,9.338311195373535
reentrant_4,32,42.2947998046875,73.57903289794922,11.155718803405762
reentrant_4,33,41.267005920410156,41.79290008544922,10.125062942504883
reentrant_4,34,42.17255783081055,25.720260620117188,11.947744369506836
reentrant_4,35,47.422584533691406,28.478145599365234,17.395536422729492
reentrant_4,36,49.98680114746094,76.85130310058594,15.197219848632812
reentrant_4,37,52.6064567565918,25.240371704101562,18.363819122314453
reentrant_4,38,53.694149017333984,25.664501190185547,16.28050422668457
reentrant_4,39,53.220481872558594,33.997676849365234,18.1173152923584
reentrant_4,40,53.25224685668945,32.17536163330078,22.722763061523438
reentrant_4,41,53.7548828125,24.607881546020508,20.78255271911621
reentrant_4,42,50.04696273803711,30.18292236328125,16.811250686645508
reentrant_4,43,50.387149810791016,37.572242736816406,17.054821014404297
reentrant_4,44,49.8497314453125,31.60136604309082,16.811058044433594
reentrant_4,45,51.02626037597656,48.22111892700195,21.310585021972656
reentrant_4,46,52.90544128417969,28.59290885925293,24.008338928222656
reentrant_4,47,55.19541931152344,29.578908920288086,20.957286834716797
reentrant_4,48,49.923095703125,28.792457580566406,17.904340744018555
reentrant_4,49,50.33360290527344,27.152042388916016,20.167001724243164
reentrant_4,50,49.887962341308594,35.61151123046875,14.781591415405273
reentrant_4,51,47.618350982666016,30.415586471557617,16.974895477294922
reentrant_4,52,46.24382781982422,88.93164825439453,14.925532341003418
reentrant_4,53,46.36842727661133,27.193387985229492,15.840670585632324
reentrant_4,54,43.701515197753906,57.80541229248047,12.807576179504395
reentrant_4,55,45.442298889160156,27.634517669677734,15.549750328063965
reentrant_4,56,43.79985046386719,28.09332275390625,16.863454818725586
reentrant_4,57,39.01102828979492,30.735767364501953,9.243195533752441
reentrant_4,58,38.679527282714844,25.635345458984375,9.92426586151123
reentrant_4,59,40.508609771728516,57.397735595703125,13.841297149658203
reentrant_4,60,39.3808479309082,35.388729095458984,11.11501407623291
reentrant_4,61,37.77305603027344,32.455074310302734,11.78040885925293
reentrant_4,62,38.84858703613281,23.878807067871094,16.11610221862793
reentrant_4,63,37.32389831542969,29.062288284301758,10.909855842590332
reentrant_4,64,36.466182708740234,34.21649932861328,8.152084350585938
reentrant_4,65,38.054561614990234,32.70298767089844,13.416000366210938
reentrant_4,66,37.31734848022461,35.44509506225586,12.181702613830566
reentrant_4,67,37.15937423706055,26.94443702697754,9.98265552520752
reentrant_4,68,37.05787658691406,36.35672378540039,12.803821563720703
reentrant_4,69,36.714176177978516,30.45902442932129,9.665098190307617
reentrant_4,70,36.887596130371094,29.92002296447754,9.600399017333984
reentrant_4,71,37.99973678588867,26.76743507385254,11.56347370147705
reentrant_4,72,38.39167022705078,45.678226470947266,14.908964157104492
reentrant_4,73,38.405601501464844,23.395315170288086,11.86396312713623
reentrant_4,74,38.10028839111328,23.684362411499023,11.287467002868652
reentrant_4,75,37.4104118347168,31.309785842895508,9.932101249694824
reentrant_4,76,38.14529037475586,39.083595275878906,10.49804401397705
reentrant_4,77,36.90436935424805,24.89044189453125,9.64151668548584
reentrant_4,78,34.66017150878906,34.02641296386719,6.754966735839844
reentrant_4,79,34.662513732910156,27.75777816772461,7.225198745727539
reentrant_4,80,34.600746154785156,32.412662506103516,7.056957244873047
reentrant_4,81,34.578514099121094,32.84575653076172,8.501176834106445
reentrant_4,82,35.06364822387695,25.345746994018555,9.050594329833984
reentrant_4,83,36.535057067871094,31.40294075012207,10.612031936645508
reentrant_4,84,34.86310577392578,22.447622299194336,7.190945625305176
reentrant_4,85,37.941307067871094,34.11959457397461,11.168334007263184
reentrant_4,86,38.80628967285156,20.272472381591797,11.637596130371094
reentrant_4,87,40.859336853027344,34.85597229003906,12.000407218933105
reentrant_4,88,39.78702926635742,22.462650299072266,13.64252758026123
reentrant_4,89,43.93312072753906,29.058971405029297,17.87087631225586
reentrant_4,90,44.78200149536133,36.05094528198242,14.101420402526855
reentrant_4,91,50.27973556518555,23.66778564453125,21.08615493774414
reentrant_4,92,51.305206298828125,26.97378921508789,20.043601989746094
reentrant_4,93,50.560977935791016,40.29779815673828,18.376445770263672
reentrant_4,94,48.33292007446289,36.954254150390625,16.950366973876953
reentrant_4,95,52.101722717285156,27.840288162231445,20.36040687561035
reentrant_4,96,47.81971740722656,39.82053756713867,19.639741897583008
reentrant_4,97,42.97298812866211,38.80451583862305,13.062796592712402
reentrant_4,98,40.961849212646484,30.621294021606445,10.046478271484375
reentrant_4,99,36.50526809692383,37.01620864868164,9.314006805419922
reentrant_4,100,34.60337829589844,28.16582489013672,6.586850166320801
reentrant_4,101,33.994197845458984,26.723461151123047,7.079700946807861
reentrant_4,102,32.7535514831543,32.652549743652344,4.4827070236206055
reentrant_4,103,32.35314178466797,29.24179458618164,4.61852502822876
reentrant_4,104,32.23488235473633,24.90838623046875,4.651292324066162
reentrant_4,105,31.133892059326172,34.958465576171875,4.4783453941345215
reentrant_4,106,31.925735473632812,31.763469696044922,4.370850563049316
reentrant_4,107,31.4493465423584,27.27336883544922,3.9856348037719727
reentrant_4,108,33.02852249145508,31.744384765625,4.873501777648926
reentrant_4,109,31.43291473388672,23.032804489135742,4.4568772315979
reentrant_4,110,31.818893432617188,22.14505386352539,4.743206024169922
reentrant_4,111,32.4271125793457,35.08170700073242,4.5162177085876465
reentrant_4,112,32.84605407714844,27.42445945739746,5.379940509796143
reentrant_4,113,32.7302360534668,25.42168426513672,5.315075397491455
reentrant_4,114,31.668319702148438,46.387062072753906,5.055309772491455
reentrant_4,115,31.5905818939209,43.417362213134766,3.672900438308716
reentrant_4,116,31.770612716674805,28.539588928222656,4.466477394104004
reentrant_4,117,32.838497161865234,24.653820037841797,5.230108261108398
reentrant_4,118,32.92060089111328,33.69538497924805,5.599822521209717
reentrant_4,119,32.089229583740234,27.401830673217773,4.532756328582764
reentrant_4,120,32.929718017578125,35.079429626464844,5.464095115661621
reentrant_4,121,32.24014663696289,26.484874725341797,4.469112396240234
reentrant_4,122,31.918684005737305,26.176891326904297,4.366714000701904
reentrant_4,123,33.002254486083984,38.74712371826172,4.45037317276001
reentrant_4,124,31.938467025756836,27.781843185424805,4.6283464431762695
reentrant_4,125,32.84520721435547,29.590965270996094,5.228387355804443
reentrant_4,126,32.71711349487305,24.738338470458984,4.380581855773926
reentrant_4,127,31.21216583251953,25.317523956298828,4.430140018463135
reentrant_4,128,32.36765670776367,26.998502731323242,5.147083282470703
reentrant_4,129,32.09419631958008,28.398941040039062,4.574960231781006
reentrant_4,130,31.990877151489258,25.747892379760742,4.982271671295166
reentrant_4,131,32.75605392456055,33.669456481933594,5.457260608673096
reentrant_4,132,32.56404113769531,27.134153366088867,6.05348539352417
reentrant_4,133,33.10015106201172,29.042171478271484,4.786105632781982
reentrant_4,134,33.5661506652832,22.229825973510742,6.644225120544434
reentrant_4,135,33.11333465576172,28.078214645385742,5.286906719207764
reentrant_4,136,33.05541229248047,28.524547576904297,6.585702896118164
reentrant_4,137,32.339271545410156,33.62735366821289,5.6885199546813965
reentrant_4,138,32.35287857055664,32.59010696411133,5.5888495445251465
reentrant_4,139,33.69432830810547,27.80008316040039,5.579948425292969
reentrant_4,140,34.5989875793457,29.7045841217041,11.007060050964355
reentrant_4,141,34.24238586425781,34.03877258300781,6.313179969787598
reentrant_4,142,35.372779846191406,38.05653762817383,7.794467926025391
reentrant_4,143,34.20842361450195,28.95938491821289,6.461697101593018
reentrant_4,144,34.87959289550781,39.16427230834961,5.980153560638428
reentrant_4,145,34.528446197509766,24.6027774810791,5.635901927947998
reentrant_4,146,34.65058898925781,30.604507446289062,7.311483860015869
reentrant_4,147,33.928382873535156,24.94327735900879,6.019239902496338
reentrant_4,148,32.34471893310547,34.32339859008789,4.572449207305908
reentrant_4,149,32.14286804199219,29.989377975463867,4.8656229972839355
reentrant_4,150,31.391563415527344,38.49612808227539,4.306375503540039
reentrant_4,151,30.9825439453125,27.499221801757812,4.22684907913208
reentrant_4,152,31.119121551513672,28.840059280395508,3.871685743331909
reentrant_4,153,31.136486053466797,23.739036560058594,4.076382160186768
reentrant_4,154,31.213407516479492,32.482017517089844,4.589760780334473
reentrant_4,155,31.300067901611328,35.99816131591797,4.770668029785156
reentrant_4,156,31.311141967773438,23.621599197387695,5.716724872589111
reentrant_4,157,32.56913757324219,36.55886459350586,4.710639953613281
reentrant_4,158,32.67105484008789,36.37662124633789,5.4307050704956055
reentrant_4,159,32.94145965576172,25.893754959106445,6.554219722747803
reentrant_4,160,31.454692840576172,23.768335342407227,4.635618209838867
reentrant_4,161,31.737428665161133,41.35720443725586,4.634891033172607
reentrant_5,0,34.77021408081055,25.21561622619629,10.407723426818848
reentrant_5,1,35.19989013671875,29.40207862854004,10.869790077209473
reentrant_5,2,34.4573974609375,29.683712005615234,9.98974609375
reentrant_5,3,34.442020416259766,36.68761444091797,9.285948753356934
reentrant_5,4,32.851173400878906,38.31856155395508,7.7240071296691895
reentrant_5,5,35.4827995300293,38.577632904052734,9.129295349121094
reentrant_5,6,34.081153869628906,31.311891555786133,8.158490180969238
reentrant_5,7,32.74921417236328,43.81169128417969,9.187104225158691
reentrant_5,8,33.02335739135742,27.463130950927734,8.228684425354004
reentrant_5,9,32.39179229736328,30.348806381225586,7.097778797149658
reentrant_5,10,33.598976135253906,26.93312644958496,8.355658531188965
reentrant_5,11,34.210845947265625,38.10976791381836,8.83501148223877
reentrant_5,12,33.09126281738281,38.437461853027344,8.246855735778809
reentrant_5,13,33.534969329833984,29.391027450561523,8.32581901550293
reentrant_5,14,32.912452697753906,48.027427673339844,7.984673023223877
reentrant_5,15,33.561729431152344,31.508943557739258,8.773079872131348
reentrant_5,16,34.00788879394531,29.32976531982422,9.06216812133789
reentrant_5,17,34.109004974365234,30.089292526245117,8.679708480834961
reentrant_5,18,33.77633285522461,30.769254684448242,8.129307746887207
reentrant_5,19,34.138465881347656,35.37142562866211,8.901713371276855
reentrant_5,20,33.90924072265625,27.213481903076172,8.600943565368652
reentrant_5,21,33.549720764160156,26.463850021362305,8.147614479064941
reentrant_5,22,35.298397064208984,17.3102970123291,8.811875343322754
reentrant_5,23,33.73552703857422,50.36549377441406,8.559926986694336
reentrant_5,24,33.43978500366211,28.629554748535156,9.011578559875488
reentrant_5,25,31.864168167114258,26.571517944335938,7.8587870597839355
reentrant_5,26,32.37611770629883,26.17348861694336,7.352745532989502
reentrant_5,27,32.94601058959961,25.11506462097168,8.119339942932129
reentrant_5,28,34.36469268798828,29.06178855895996,7.74419641494751
reentrant_5,29,34.15538024902344,36.38664245605469,7.264798641204834
reentrant_5,30,32.1215934753418,36.615421295166016,8.314042091369629
reentrant_5,31,31.867528915405273,32.331085205078125,6.91456413269043
reentrant_5,32,32.82725524902344,28.05048179626465,8.01563835144043
reentrant_5,33,32.62705993652344,25.101707458496094,7.504094123840332
reentrant_5,34,32.81492233276367,24.09211540222168,8.906620979309082
reentrant_5,35,33.34135437011719,31.87944793701172,8.17437744140625
reentrant_5,36,33.480010986328125,25.046894073486328,7.788212299346924
reentrant_5,37,34.080867767333984,48.526145935058594,8.199928283691406
reentrant_5,38,33.819210052490234,32.40590286254883,7.916242599487305
reentrant_5,39,33.60137939453125,23.7860050201416,9.138547897338867
reentrant_5,40,34.4249382019043,35.65086364746094,8.622045516967773
reentrant_5,41,35.32951354980469,32.36888885498047,9.753253936767578
reentrant_5,42,32.933807373046875,22.85512351989746,9.242820739746094
reentrant_5,43,33.09938049316406,45.594329833984375,7.706254482269287
reentrant_5,44,32.44123840332031,24.507518768310547,8.02015209197998
reentrant_5,45,32.44468307495117,26.794355392456055,7.774351119995117
reentrant_5,46,32.493473052978516,29.988567352294922,8.655659675598145
reentrant_5,47,33.006134033203125,26.546659469604492,8.532112121582031
reentrant_5,48,31.468433380126953,39.21712112426758,7.155379772186279
reentrant_5,49,33.12342834472656,35.974281311035156,8.776325225830078
reentrant_5,50,32.248226165771484,30.14290428161621,7.422369956970215
reentrant_5,51,32.3360710144043,24.303207397460938,7.344430446624756
reentrant_5,52,34.04466247558594,40.18846130371094,9.75815200805664
reentrant_5,53,31.842065811157227,26.39328384399414,8.175969123840332
reentrant_5,54,32.2729606628418,30.973251342773438,7.55307149887085
reentrant_5,55,32.627586364746094,39.945152282714844,9.152804374694824
reentrant_5,56,32.51113510131836,33.38732147216797,8.438270568847656
reentrant_5,57,31.677295684814453,25.757917404174805,7.576262950897217
reentrant_5,58,32.49492263793945,31.652494430541992,9.542027473449707
reentrant_5,59,32.20918655395508,37.310787200927734,7.34518575668335
reentrant_5,60,31.811120986938477,25.593441009521484,7.895461082458496
reentrant_5,61,32.229400634765625,31.90317153930664,8.03139877319336
reentrant_5,62,31.936260223388672,35.5341796875,8.781920433044434
reentrant_5,63,32.595272064208984,31.560216903686523,9.275933265686035
reentrant_5,64,32.08757781982422,30.45578384399414,9.033291816711426
reentrant_5,65,31.33478355407715,41.19598388671875,8.59196949005127
reentrant_5,66,31.373146057128906,31.925159454345703,8.805405616760254
reentrant_5,67,32.55976867675781,32.26405334472656,8.018966674804688
reentrant_5,68,32.23101806640625,38.668243408203125,8.128190040588379
reentrant_5,69,31.271991729736328,37.39068603515625,7.5910844802856445
reentrant_5,70,31.019575119018555,46.0230712890625,7.651219367980957
reentrant_5,71,31.363601684570312,49.35398864746094,6.708772659301758
reentrant_5,72,30.18195343017578,29.181346893310547,6.133799076080322
reentrant_5,73,30.84588050842285,27.224031448364258,7.382159233093262
reentrant_5,74,30.10088539123535,21.821998596191406,6.927988052368164
reentrant_5,75,31.903884887695312,31.51369285583496,7.184580326080322
reentrant_5,76,31.627422332763672,24.637041091918945,7.250795841217041
reentrant_5,77,32.319210052490234,37.66109848022461,7.978841304779053
reentrant_5,78,30.930696487426758,49.47904586791992,7.820789813995361
reentrant_5,79,30.962627410888672,25.998294830322266,8.171079635620117
reentrant_5,80,30.83975601196289,27.40768051147461,8.17923641204834
reentrant_5,81,31.245874404907227,24.45440673828125,7.245678424835205
reentrant_5,82,30.97607421875,38.39933395385742,8.140746116638184
reentrant_5,83,31.5090389251709,33.89060974121094,8.308788299560547
reentrant_5,84,30.374662399291992,26.179893493652344,8.255419731140137
reentrant_5,85,31.719745635986328,28.110958099365234,8.992128372192383
reentrant_5,86,31.245729446411133,24.445266723632812,7.751413345336914
reentrant_5,87,31.683412551879883,30.639493942260742,7.95841646194458
reentrant_5,88,33.17835998535156,48.02497482299805,10.126593589782715
reentrant_5,89,31.450420379638672,30.329238891601562,7.630806922912598
reentrant_5,90,33.01710891723633,23.44001007080078,10.730844497680664
reentrant_5,91,32.547454833984375,23.002544403076172,7.784411430358887
reentrant_5,92,32.01095962524414,24.07441520690918,7.959888935089111
reentrant_5,93,32.05659484863281,28.15962791442871,8.166749000549316
reentrant_5,94,33.275272369384766,35.5984992980957,8.741766929626465
reentrant_5,95,33.35215759277344,32.77676773071289,9.78593635559082
reentrant_5,96,34.84553146362305,37.14912033081055,12.615615844726562
reentrant_5,97,35.225791931152344,28.679662704467773,10.409663200378418
reentrant_5,98,34.425071716308594,46.00825500488281,10.656027793884277
reentrant_5,99,33.35527420043945,53.81444549560547,8.742940902709961
reentrant_6,0,38.16578674316406,29.14027214050293,8.665766716003418
reentrant_6,1,38.488834381103516,45.924957275390625,8.974650382995605
reentrant_6,2,39.17823028564453,30.157615661621094,10.003159523010254
reentrant_6,3,37.31306076049805,25.679840087890625,9.376675605773926
reentrant_6,4,37.379371643066406,39.56514358520508,8.236992835998535
reentrant_6,5,36.79905700683594,35.559242248535156,8.724242210388184
reentrant_6,6,37.77702713012695,29.66128921508789,8.25220012664795
reentrant_6,7,37.0770378112793,36.988948822021484,9.026869773864746
reentrant_6,8,37.08406448364258,33.52833938598633,8.691901206970215
reentrant_6,9,37.30552673339844,43.99370193481445,7.295734882354736
reentrant_6,10,37.399993896484375,51.286285400390625,8.392094612121582
reentrant_6,11,36.798030853271484,42.47584915161133,8.543845176696777
reentrant_6,12,37.148597717285156,42.612884521484375,8.919953346252441
reentrant_6,13,36.12039566040039,28.321210861206055,6.8267436027526855
reentrant_6,14,37.825931549072266,32.89937210083008,8.60092544555664
reentrant_6,15,37.383209228515625,54.62128448486328,8.694247245788574
reentrant_6,16,37.70866775512695,25.375822067260742,7.6566691398620605
reentrant_6,17,38.456363677978516,30.463218688964844,7.980578899383545
reentrant_6,18,36.92499542236328,50.01048278808594,8.518341064453125
reentrant_6,19,38.310909271240234,35.009864807128906,9.23861026763916
reentrant_6,20,38.675758361816406,31.254703521728516,8.840875625610352
reentrant_6,21,36.632293701171875,32.0042839050293,8.25326919555664
reentrant_6,22,37.50754928588867,35.94463348388672,9.338201522827148
reentrant_6,23,38.36642074584961,37.89653778076172,8.089717864990234
reentrant_6,24,38.786827087402344,30.378568649291992,9.828857421875
reentrant_6,25,36.95561218261719,40.91575622558594,8.238449096679688
reentrant_6,26,37.02239990234375,40.65399932861328,9.109964370727539
reentrant_6,27,36.368431091308594,26.337505340576172,8.454601287841797
reentrant_6,28,39.345314025878906,27.582164764404297,8.429803848266602
reentrant_6,29,37.66416931152344,35.10521697998047,9.137038230895996
reentrant_6,30,37.204044342041016,46.574954986572266,9.700309753417969
reentrant_6,31,37.81651306152344,36.52853012084961,9.291412353515625
reentrant_6,32,37.01557540893555,28.102880477905273,9.304227828979492
reentrant_6,33,37.814945220947266,27.15323829650879,8.672797203063965
reentrant_6,34,38.19445037841797,29.763090133666992,10.762167930603027
reentrant_6,35,37.71824264526367,29.341466903686523,8.677888870239258
reentrant_6,36,38.429283142089844,46.139339447021484,9.892484664916992
reentrant_6,37,37.26441955566406,30.9337100982666,8.124692916870117
reentrant_6,38,37.307228088378906,31.057331085205078,9.868654251098633
reentrant_6,39,37.51948547363281,36.76539611816406,12.463966369628906
reentrant_6,40,38.36283874511719,28.980785369873047,10.256503105163574
reentrant_6,41,40.46274185180664,31.86319351196289,14.43858814239502
reentrant_6,42,38.55668640136719,29.480180740356445,12.67423152923584
reentrant_6,43,42.78071212768555,30.65923500061035,14.480246543884277
reentrant_6,44,41.725975036621094,46.972206115722656,13.723930358886719
reentrant_6,45,42.251197814941406,32.469688415527344,13.293985366821289
reentrant_6,46,42.470619201660156,45.95023727416992,14.677772521972656
reentrant_6,47,42.910770416259766,52.658592224121094,12.964459419250488
reentrant_6,48,38.37263488769531,53.89710998535156,10.06190299987793
reentrant_6,49,41.7594108581543,37.33110046386719,14.419389724731445
reentrant_6,50,41.794036865234375,47.3216438293457,14.497344970703125
reentrant_6,51,41.554969787597656,41.39826202392578,14.719383239746094
reentrant_6,52,42.2613639831543,35.28961944580078,12.061148643493652
reentrant_6,53,39.8040657043457,35.81705093383789,12.104193687438965
reentrant_6,54,38.93705368041992,41.59539031982422,12.964000701904297
reentrant_6,55,39.42857360839844,58.01201248168945,11.70226764678955
reentrant_6,56,38.59431838989258,36.260250091552734,11.199051856994629
reentrant_6,57,38.123741149902344,35.576812744140625,9.205078125
reentrant_6,58,37.87535095214844,40.31827926635742,8.874062538146973
reentrant_6,59,36.8996467590332,30.70643424987793,8.825812339782715
reentrant_6,60,37.387794494628906,33.44410705566406,8.985708236694336
reentrant_6,61,37.43274688720703,54.01235580444336,10.719310760498047
reentrant_6,62,38.352752685546875,39.25144577026367,10.556079864501953
reentrant_6,63,39.39631652832031,29.730133056640625,11.732682228088379
reentrant_6,64,37.32328796386719,40.60621643066406,9.172233581542969
reentrant_6,65,38.83833694458008,43.44923400878906,13.227368354797363
reentrant_6,66,38.544551849365234,31.928226470947266,11.347209930419922
reentrant_6,67,39.08973693847656,34.054222106933594,10.566892623901367
reentrant_6,68,40.1157112121582,24.148141860961914,13.64206314086914
reentrant_6,69,41.221275329589844,48.39646911621094,12.891181945800781
reentrant_6,70,40.04357147216797,68.18180084228516,11.768823623657227
reentrant_6,71,40.64995193481445,35.64851760864258,14.074318885803223
reentrant_6,72,41.8059196472168,33.865604400634766,13.158025741577148
reentrant_6,73,41.78220748901367,29.3907527923584,13.623196601867676
reentrant_6,74,39.61994934082031,27.420581817626953,10.652667045593262
reentrant_6,75,39.70966339111328,26.873210906982422,12.255378723144531
reentrant_6,76,39.5648078918457,29.08910369873047,12.788394927978516
reentrant_6,77,37.92726135253906,27.49277114868164,9.542801856994629
reentrant_6,78,40.296363830566406,37.72017288208008,13.538747787475586
reentrant_6,79,37.914329528808594,53.969608306884766,10.223287582397461
reentrant_6,80,41.448097229003906,27.295499801635742,12.876753807067871
reentrant_6,81,40.126564025878906,51.12959289550781,12.871973991394043
reentrant_6,82,39.482452392578125,26.7337703704834,10.177000045776367
reentrant_6,83,38.13517379760742,25.27809715270996,11.27116584777832
reentrant_6,84,38.907508850097656,30.168001174926758,10.503788948059082
reentrant_6,85,38.632110595703125,38.513519287109375,11.573513984680176
reentrant_6,86,41.17201232910156,39.17948532104492,12.298392295837402
reentrant_6,87,40.86406326293945,50.82887649536133,11.692854881286621
reentrant_6,88,41.18458938598633,80.4644775390625,13.14889907836914
reentrant_6,89,39.737728118896484,23.699800491333008,13.944109916687012
reentrant_6,90,40.7668571472168,22.9139347076416,13.455147743225098
reentrant_6,91,38.56382369995117,23.437501907348633,10.697285652160645
reentrant_6,92,40.28813934326172,26.033382415771484,12.715719223022461
reentrant_6,93,41.14655685424805,25.622968673706055,12.288822174072266
reentrant_6,94,38.916683197021484,35.218692779541016,11.771821022033691
reentrant_6,95,39.45307922363281,66.48963928222656,11.478532791137695
reentrant_6,96,40.932525634765625,32.53775405883789,11.5087308883667
reentrant_6,97,41.3032112121582,44.01960372924805,14.694835662841797
reentrant_6,98,38.97671890258789,37.60515213012695,11.29276180267334
reentrant_6,99,40.869503021240234,30.032909393310547,11.855579376220703
reentrant_7,0,42.736427307128906,59.58393096923828,9.861420631408691
reentrant_7,1,42.66109848022461,42.28422927856445,7.8417744636535645
reentrant_7,2,41.94108963012695,30.776386260986328,9.300101280212402
reentrant_7,3,40.614219665527344,32.419105529785156,8.652515411376953
reentrant_7,4,41.3286018371582,58.35823059082031,9.82568073272705
reentrant_7,5,42.743656158447266,46.61609649658203,9.931017875671387
reentrant_7,6,42.30733871459961,46.648170471191406,9.182940483093262
reentrant_7,7,41.09510803222656,36.33839416503906,8.46609115600586
reentrant_7,8,40.819786071777344,47.12290573120117,9.283621788024902
reentrant_7,9,40.820762634277344,49.759765625,8.771368980407715
reentrant_7,10,40.70549392700195,44.36013412475586,8.344799041748047
reentrant_7,11,42.66944885253906,34.81361389160156,9.466217994689941
reentrant_7,12,41.221656799316406,31.81317901611328,8.840022087097168
reentrant_7,13,41.283817291259766,43.959632873535156,9.235099792480469
reentrant_7,14,40.621768951416016,32.409263610839844,8.597123146057129
reentrant_7,15,40.72447204589844,32.2779426574707,8.193978309631348
reentrant_7,16,40.34115982055664,46.535133361816406,8.474661827087402
reentrant_7,17,41.78886795043945,47.184410095214844,9.307514190673828
reentrant_7,18,41.020301818847656,42.98790740966797,8.564472198486328
reentrant_7,19,41.546138763427734,32.95606994628906,7.645552635192871
reentrant_7,20,40.037078857421875,37.53369903564453,8.023554801940918
reentrant_7,21,40.682796478271484,40.709144592285156,9.173381805419922
reentrant_7,22,41.809940338134766,25.07442283630371,8.841525077819824
reentrant_7,23,42.32094192504883,58.856727600097656,10.276278495788574
reentrant_7,24,43.62515640258789,44.6099967956543,13.020108222961426
reentrant_7,25,43.519771575927734,79.97576141357422,11.080425262451172
reentrant_7,26,43.95231628417969,32.44042205810547,12.706563949584961
reentrant_7,27,42.981807708740234,37.52237319946289,11.484889030456543
reentrant_7,28,44.689178466796875,26.09747886657715,15.404699325561523
reentrant_7,29,43.674617767333984,23.149505615234375,12.516685485839844
reentrant_7,30,43.884883880615234,35.02066421508789,10.653789520263672
reentrant_7,31,43.666725158691406,39.414066314697266,11.96323013305664
reentrant_7,32,45.630706787109375,24.47048568725586,12.223785400390625
reentrant_7,33,46.93613815307617,32.7249870300293,16.56789779663086
reentrant_7,34,44.801753997802734,43.568790435791016,11.876900672912598
reentrant_7,35,43.87770462036133,68.35026550292969,13.195798873901367
reentrant_7,36,42.34050369262695,56.007667541503906,12.843400955200195
reentrant_7,37,41.880680084228516,36.0225944519043,11.465049743652344
reentrant_7,38,44.08381271362305,37.77736282348633,12.500432968139648
reentrant_7,39,42.620723724365234,23.919057846069336,10.251077651977539
reentrant_7,40,43.02381896972656,41.08432388305664,11.177823066711426
reentrant_7,41,42.869598388671875,52.75324249267578,12.675195693969727
reentrant_7,42,42.6041259765625,47.52907943725586,12.825921058654785
reentrant_7,43,43.195587158203125,40.55012512207031,12.199445724487305
reentrant_7,44,42.02961349487305,38.41286087036133,12.070395469665527
reentrant_7,45,42.05892562866211,37.88737487792969,9.273259162902832
reentrant_7,46,41.94306564331055,52.34287643432617,12.11343002319336
reentrant_7,47,41.992286682128906,26.53519630432129,10.703789710998535
reentrant_7,48,39.00556945800781,42.09321975708008,8.122036933898926
reentrant_7,49,40.841026306152344,24.835216522216797,10.370471000671387
reentrant_7,50,42.88896560668945,35.15902328491211,11.08901309967041
reentrant_7,51,42.602989196777344,35.95035171508789,10.820012092590332
reentrant_7,52,42.793025970458984,36.12192916870117,11.930525779724121
reentrant_7,53,42.20347213745117,44.10392379760742,10.873418807983398
reentrant_7,54,39.52135467529297,30.316850662231445,8.335427284240723
reentrant_7,55,44.37495422363281,31.111583709716797,14.398624420166016
reentrant_7,56,42.659000396728516,45.50239181518555,11.088393211364746
reentrant_7,57,41.519622802734375,38.082130432128906,9.403347969055176
reentrant_7,58,40.93015670776367,40.18421936035156,10.253520965576172
reentrant_7,59,42.9344596862793,34.701904296875,13.628397941589355
reentrant_7,60,42.52138137817383,30.64354133605957,10.383084297180176
reentrant_7,61,40.790740966796875,59.4647216796875,9.111776351928711
reentrant_7,62,42.69925308227539,37.55091094970703,11.687227249145508
reentrant_7,63,39.81037139892578,43.562713623046875,10.799543380737305
reentrant_7,64,40.86610412597656,56.81121063232422,8.996286392211914
reentrant_7,65,40.900978088378906,35.886962890625,9.039731979370117
reentrant_7,66,40.8756103515625,33.70206832885742,9.573949813842773
reentrant_7,67,40.194496154785156,35.24138259887695,8.128802299499512
reentrant_7,68,40.653018951416016,30.90911293029785,9.55405330657959
reentrant_7,69,39.643741607666016,45.3287467956543,8.681777954101562
reentrant_7,70,40.433528900146484,30.909896850585938,8.95817756652832
reentrant_7,71,40.772926330566406,35.69138717651367,10.931808471679688
reentrant_7,72,40.29840850830078,38.22934341430664,9.492114067077637
reentrant_7,73,41.09605407714844,44.57532501220703,8.806558609008789
reentrant_7,74,40.05522155761719,47.500022888183594,8.74879264831543
reentrant_7,75,40.53486633300781,45.09169006347656,9.835953712463379
reentrant_7,76,38.83998107910156,26.340618133544922,9.727702140808105
reentrant_7,77,38.73271560668945,37.95906448364258,8.308643341064453
reentrant_7,78,38.2939338684082,32.14719772338867,8.327446937561035
reentrant_7,79,40.671993255615234,41.70515060424805,8.457338333129883
reentrant_7,80,39.881874084472656,25.570642471313477,8.040632247924805
reentrant_7,81,39.529579162597656,41.542694091796875,8.029440879821777
reentrant_7,82,39.27521896362305,48.76382827758789,8.85859203338623
reentrant_7,83,38.360843658447266,28.24899673461914,7.908079147338867
reentrant_7,84,38.270729064941406,47.61917495727539,9.114999771118164
reentrant_7,85,39.915077209472656,45.578975677490234,9.133285522460938
reentrant_7,86,38.98175811767578,36.003509521484375,8.295408248901367
reentrant_7,87,38.812705993652344,37.23529815673828,8.563922882080078
reentrant_7,88,38.54012680053711,55.001983642578125,7.6086297035217285
reentrant_7,89,37.70164108276367,65.43912506103516,7.616098403930664
reentrant_7,90,37.261104583740234,42.514686584472656,7.464841842651367
reentrant_7,91,38.60350036621094,42.44877624511719,9.454153060913086
reentrant_7,92,39.72807312011719,36.762359619140625,8.784046173095703
reentrant_7,93,40.01749038696289,29.686031341552734,9.157318115234375
reentrant_7,94,38.329891204833984,40.97892379760742,8.149519920349121
reentrant_7,95,40.100669860839844,30.5669002532959,8.389168739318848
reentrant_7,96,38.50371551513672,26.716873168945312,8.221656799316406
reentrant_7,97,37.9915771484375,37.93604278564453,8.909082412719727
reentrant_7,98,37.78878402709961,55.40008544921875,8.00441837310791
reentrant_7,99,38.65196228027344,27.976795196533203,8.604447364807129
reentrant_8,0,65.1323013305664,56.26252365112305,5.902223110198975
reentrant_8,1,65.56185913085938,50.378501892089844,5.970684051513672
reentrant_8,2,65.07325744628906,74.0384521484375,5.258920192718506
reentrant_8,3,64.77212524414062,65.76940155029297,5.958415985107422
reentrant_8,4,65.4527587890625,63.973873138427734,5.5265212059021
reentrant_8,5,65.33078002929688,47.85414505004883,5.742673873901367
reentrant_8,6,65.54585266113281,65.0791244506836,5.267070293426514
reentrant_8,7,65.97545623779297,62.794158935546875,6.057473659515381
reentrant_8,8,65.65904998779297,42.70221710205078,6.604907512664795
reentrant_8,9,65.88320922851562,60.68547821044922,5.725131034851074
reentrant_8,10,65.04032135009766,57.278541564941406,5.74761962890625
reentrant_8,11,64.75237274169922,47.163578033447266,5.935669898986816
reentrant_8,12,65.53936767578125,48.178462982177734,5.076038360595703
reentrant_8,13,65.61254119873047,66.62081146240234,5.677961349487305
reentrant_8,14,66.41596984863281,56.823062896728516,7.159792423248291
reentrant_8,15,65.5079574584961,51.049739837646484,6.392001628875732
reentrant_8,16,66.60089111328125,56.36419677734375,6.630059242248535
reentrant_8,17,68.13113403320312,50.17121887207031,8.890820503234863
reentrant_8,18,67.69818115234375,68.08546447753906,6.577697277069092
reentrant_8,19,68.1468276977539,50.25894546508789,7.189695835113525
reentrant_8,20,68.16252899169922,51.50518798828125,7.450881004333496
reentrant_8,21,69.47893524169922,86.22636413574219,8.143804550170898
reentrant_8,22,71.87619018554688,57.691261291503906,8.750714302062988
reentrant_8,23,71.76151275634766,64.50515747070312,9.066744804382324
reentrant_8,24,71.0633316040039,74.93263244628906,8.65248966217041
reentrant_8,25,70.16832733154297,74.24064636230469,9.718220710754395
reentrant_8,26,70.79505920410156,49.80116271972656,9.917256355285645
reentrant_9,0,73.09937286376953,55.248294830322266,6.58163595199585
reentrant_9,1,73.84402465820312,62.669010162353516,6.6619791984558105
reentrant_9,2,73.7846450805664,73.22459411621094,6.833905220031738
reentrant_9,3,73.1097183227539,42.83633041381836,6.485376358032227
reentrant_9,4,73.3416976928711,56.650325775146484,6.406551837921143
reentrant_9,5,72.91577911376953,59.0023307800293,6.473875045776367
reentrant_9,6,73.24610137939453,74.64083862304688,6.752535343170166
reentrant_9,7,73.73884582519531,51.936683654785156,6.5652594566345215
reentrant_9,8,73.56706237792969,50.33929443359375,6.373366355895996
reentrant_9,9,74.28752136230469,58.80891418457031,6.875738620758057
reentrant_9,10,73.83944702148438,83.694091796875,6.9986724853515625
reentrant_9,11,74.24153137207031,59.396610260009766,6.672148704528809
reentrant_9,12,74.00790405273438,61.261924743652344,7.064702987670898
reentrant_9,13,74.49205780029297,51.852134704589844,5.875685214996338
reentrant_9,14,73.85335540771484,60.25263595581055,8.549098014831543
reentrant_9,15,76.32366943359375,65.52346801757812,9.794829368591309
reentrant_9,16,76.7903823852539,52.19503402709961,8.485457420349121
reentrant_9,17,78.23674011230469,58.10808181762695,9.965715408325195
reentrant_9,18,78.1897964477539,62.99553680419922,9.813166618347168
reentrant_9,19,80.04972076416016,55.578086853027344,13.787482261657715
reentrant_9,20,82.28646850585938,51.667293548583984,15.101311683654785
reentrant_9,21,83.93142700195312,57.38370895385742,15.043598175048828
reentrant_9,22,85.66632843017578,53.67097473144531,16.703632354736328
reentrant_9,23,86.91741180419922,81.00445556640625,16.072248458862305
reentrant_9,24,88.19169616699219,59.00542068481445,15.681194305419922
reentrant_9,25,86.39313507080078,44.864044189453125,15.184494018554688
reentrant_9,26,89.23604583740234,79.86701202392578,16.913604736328125
reentrant_9,27,81.83050537109375,50.955448150634766,12.77704906463623
reentrant_9,28,86.34951782226562,42.839839935302734,15.848260879516602
reentrant_9,29,83.57488250732422,56.696815490722656,18.18871307373047
reentrant_9,30,79.94072723388672,64.36212921142578,12.419920921325684
reentrant_9,31,82.62333679199219,61.493316650390625,11.704510688781738
reentrant_9,32,82.87025451660156,70.42156982421875,12.317188262939453
reentrant_9,33,80.77404022216797,78.31755065917969,11.035309791564941
reentrant_9,34,80.22573852539062,79.89552307128906,12.92603874206543
reentrant_9,35,78.38177490234375,72.2802963256836,9.367313385009766
reentrant_9,36,78.10633087158203,53.73750305175781,9.6763916015625
reentrant_9,37,76.0911636352539,65.38386535644531,8.944646835327148
reentrant_9,38,78.4250259399414,65.91278839111328,10.73929500579834
reentrant_9,39,78.7814712524414,46.55244445800781,8.762149810791016
reentrant_9,40,78.58143615722656,60.69480514526367,10.053662300109863
reentrant_9,41,78.57290649414062,74.77379608154297,11.393867492675781
reentrant_9,42,77.13836669921875,55.83490753173828,8.65287971496582
reentrant_9,43,78.22286224365234,80.10099029541016,8.671732902526855
reentrant_9,44,77.59403228759766,69.96580505371094,7.798115253448486
reentrant_9,45,76.01467895507812,48.3465576171875,7.272800922393799
reentrant_9,46,77.01640319824219,71.18878173828125,6.5781636238098145
reentrant_9,47,76.90875244140625,71.46540069580078,7.351186752319336
reentrant_9,48,76.92711639404297,70.20147705078125,6.928310871124268
reentrant_9,49,77.06498718261719,78.08939361572266,6.875282287597656
reentrant_9,50,77.17169189453125,74.2219009399414,6.962657451629639
reentrant_9,51,76.80333709716797,56.52422332763672,7.461171627044678
reentrant_9,52,78.0223388671875,65.640869140625,8.127522468566895
reentrant_9,53,76.32064819335938,61.99279022216797,7.3140459060668945
reentrant_9,54,75.26408386230469,58.94601821899414,6.003582954406738
reentrant_9,55,75.0537109375,59.439552307128906,5.915298938751221
reentrant_9,56,75.05598449707031,59.993072509765625,6.924785137176514
reentrant_9,57,75.66537475585938,57.558128356933594,6.423768520355225
reentrant_9,58,74.22367095947266,55.131195068359375,5.605438232421875
reentrant_9,59,75.28336334228516,49.78554916381836,7.1511735916137695
reentrant_9,60,75.10836791992188,52.89789581298828,7.2191572189331055
reentrant_9,61,74.99108123779297,73.88279724121094,6.9679856300354
reentrant_9,62,74.8173828125,44.79862976074219,7.04724645614624
reentrant_9,63,75.0673828125,58.13924026489258,6.765679836273193
reentrant_9,64,75.33635711669922,60.697139739990234,6.078866481781006
reentrant_9,65,75.60572052001953,83.06101989746094,6.511605739593506
reentrant_9,66,74.77567291259766,59.445472717285156,6.874528408050537
reentrant_9,67,75.16717529296875,57.741790771484375,7.689260482788086
reentrant_9,68,75.07037353515625,69.6165542602539,6.349440574645996
reentrant_9,69,75.56173706054688,56.96977996826172,7.017622947692871
reentrant_9,70,74.65087890625,63.2296257019043,6.766776084899902
reentrant_9,71,73.64293670654297,79.24016571044922,6.403278350830078
reentrant_9,72,73.21305847167969,40.837886810302734,6.0026092529296875
reentrant_9,73,75.63203430175781,57.40475082397461,6.796304702758789
reentrant_9,74,74.40135955810547,54.540016174316406,6.96886682510376
reentrant_9,75,75.71575927734375,46.0663948059082,6.962611198425293
reentrant_9,76,75.37773132324219,66.99119567871094,6.562254428863525
reentrant_9,77,74.60641479492188,56.77229309082031,6.732263565063477
reentrant_9,78,75.31285858154297,79.98712158203125,7.747368335723877
reentrant_9,79,74.21623229980469,69.78050994873047,7.000819683074951
reentrant_9,80,74.37963104248047,42.25395202636719,6.700222492218018
reentrant_9,81,74.51123046875,54.27778244018555,6.541205406188965
reentrant_9,82,73.83789825439453,40.57810592651367,6.577394962310791
reentrant_9,83,74.08206176757812,53.604248046875,6.396638870239258
reentrant_9,84,75.51061248779297,67.2342529296875,6.623867511749268
reentrant_9,85,74.62068176269531,60.499752044677734,7.36803674697876
reentrant_9,86,73.6905288696289,46.890907287597656,7.03787088394165
reentrant_9,87,75.85725402832031,47.8279914855957,7.24139928817749
reentrant_9,88,73.96321105957031,52.28915023803711,6.563937187194824
reentrant_9,89,73.90664672851562,69.61222076416016,6.135661602020264
reentrant_9,90,73.81761932373047,57.37225341796875,6.579676151275635
reentrant_9,91,74.46800994873047,66.31040954589844,6.36595344543457
reentrant_9,92,73.30598449707031,100.90196990966797,5.962451457977295
reentrant_9,93,74.66329956054688,57.10444259643555,7.477407455444336
reentrant_9,94,73.18785858154297,80.19690704345703,6.4501953125
reentrant_9,95,74.5882797241211,50.209373474121094,8.320051193237305
reentrant_9,96,73.58660888671875,60.23247528076172,7.069840908050537
reentrant_9,97,74.72370910644531,51.025997161865234,6.8467936515808105
reentrant_9,98,74.9590835571289,48.0101432800293,6.906900882720947
reentrant_9,99,75.7079086303711,70.870849609375,8.316447257995605
reentrant_10,0,80.86199951171875,73.88805389404297,7.297824859619141
reentrant_10,1,80.98187255859375,47.302146911621094,7.438387870788574
reentrant_10,2,81.72329711914062,65.49222564697266,5.949759006500244
reentrant_10,3,81.67779541015625,53.05130386352539,6.17247200012207
reentrant_10,4,80.5267333984375,61.784889221191406,6.497079849243164
reentrant_10,5,82.2912368774414,52.0369987487793,7.155584335327148
reentrant_10,6,81.98981475830078,62.603206634521484,6.2216010093688965
reentrant_10,7,81.91227722167969,70.36125946044922,7.285757064819336
reentrant_10,8,81.74325561523438,99.35455322265625,6.7035813331604
reentrant_10,9,81.9712142944336,66.10760498046875,6.252305507659912
reentrant_10,10,81.74634552001953,56.330665588378906,7.324797630310059
reentrant_10,11,82.26068115234375,72.48908996582031,7.219756603240967
reentrant_10,12,83.02395629882812,56.69157028198242,7.158504962921143
reentrant_10,13,83.14178466796875,57.138912200927734,6.874488830566406
reentrant_10,14,83.39825439453125,70.20209503173828,6.960763931274414
reentrant_10,15,83.08564758300781,73.18201446533203,6.8190226554870605
reentrant_10,16,81.9892349243164,67.97791290283203,6.502044200897217
reentrant_10,17,81.98553466796875,55.50599670410156,6.522472858428955
reentrant_10,18,82.42467498779297,70.08983612060547,6.834405899047852
reentrant_10,19,82.49360656738281,55.34419631958008,7.377718925476074
reentrant_10,20,82.4510726928711,60.666229248046875,7.3251261711120605
reentrant_10,21,83.0621566772461,77.3055191040039,8.074738502502441
reentrant_10,22,83.53665924072266,58.97623825073242,7.851897716522217
reentrant_10,23,83.86111450195312,61.73442077636719,6.845656871795654
reentrant_10,24,84.28854370117188,70.49208068847656,6.840872764587402
reentrant_10,25,84.5245590209961,56.0681037902832,6.631253242492676
reentrant_10,26,84.82415771484375,68.0532455444336,7.938461780548096
reentrant_10,27,84.83228302001953,81.12821197509766,7.856096267700195
reentrant_10,28,84.70831298828125,69.6648941040039,7.299790859222412
reentrant_10,29,85.63542175292969,52.189178466796875,6.767498970031738
reentrant_10,30,85.52796936035156,60.58279037475586,8.078311920166016
reentrant_10,31,85.63640594482422,58.35708236694336,8.510063171386719
reentrant_10,32,86.23963165283203,57.499610900878906,8.29346752166748
reentrant_10,33,84.67655944824219,75.45882415771484,7.798634052276611
reentrant_10,34,85.11312866210938,85.01362609863281,9.294290542602539
reentrant_10,35,86.0163345336914,44.340877532958984,7.923600196838379
reentrant_10,36,87.65596771240234,58.1576042175293,7.869985103607178
reentrant_10,37,86.58206176757812,81.0550308227539,8.160457611083984
reentrant_10,38,88.19490051269531,64.37075805664062,11.442947387695312
reentrant_10,39,89.4150390625,60.64441680908203,11.309406280517578
reentrant_10,40,90.09778594970703,63.17681121826172,9.988459587097168
reentrant_10,41,90.86339569091797,72.88436126708984,9.322134017944336
reentrant_10,42,93.14701843261719,72.84916687011719,9.543720245361328
reentrant_10,43,93.89232635498047,93.89910125732422,11.164223670959473
reentrant_10,44,96.03343963623047,58.09458541870117,10.660618782043457
reentrant_10,45,98.13615417480469,42.849098205566406,10.944892883300781
reentrant_10,46,99.58572387695312,72.88916778564453,10.676261901855469
reentrant_10,47,98.68685913085938,59.20635223388672,9.741131782531738
reentrant_10,48,98.18118286132812,66.4962387084961,10.626936912536621
reentrant_10,49,99.06218719482422,47.574588775634766,10.414178848266602
reentrant_10,50,97.94489288330078,57.93019104003906,11.027112007141113
reentrant_10,51,98.23214721679688,79.82011413574219,11.758057594299316
reentrant_10,52,98.65139770507812,72.31166076660156,12.25142765045166
reentrant_10,53,95.98190307617188,47.9670295715332,10.638802528381348
reentrant_10,54,96.120361328125,49.14889907836914,9.64123821258545
reentrant_10,55,96.605712890625,72.13385772705078,11.501035690307617
reentrant_10,56,94.06166076660156,52.18343734741211,10.261571884155273
reentrant_10,57,92.78435516357422,65.41645812988281,10.488907814025879
reentrant_10,58,90.93130493164062,62.88962173461914,9.588348388671875
reentrant_10,59,91.20193481445312,49.92042922973633,8.941532135009766
reentrant_10,60,90.73129272460938,82.28579711914062,8.74592113494873
reentrant_10,61,90.64739990234375,70.5936279296875,10.965987205505371
reentrant_10,62,90.8187484741211,55.30866241455078,11.25284481048584
reentrant_10,63,88.04716491699219,69.70496368408203,8.876778602600098
reentrant_10,64,90.4994888305664,86.90341186523438,11.466377258300781
reentrant_10,65,86.30203247070312,62.92258071899414,9.060066223144531
reentrant_10,66,86.80098724365234,49.06922912597656,8.743711471557617
reentrant_10,67,88.16458892822266,53.808624267578125,9.981650352478027
reentrant_10,68,89.32342529296875,78.3724136352539,10.250975608825684
reentrant_10,69,89.98715209960938,81.69911193847656,10.146842002868652
reentrant_10,70,91.18974304199219,69.72642517089844,9.870710372924805
reentrant_10,71,92.64010620117188,53.87150955200195,11.586644172668457
reentrant_10,72,94.427734375,59.662353515625,9.9248628616333
reentrant_10,73,93.56523132324219,71.71096801757812,10.635980606079102
reentrant_10,74,92.41098022460938,80.1716079711914,9.869353294372559
reentrant_10,75,91.65583801269531,80.25237274169922,10.739677429199219
reentrant_10,76,89.19210052490234,60.93944549560547,10.854109764099121
reentrant_10,77,85.94580841064453,71.32499694824219,8.104113578796387
reentrant_10,78,83.57148742675781,95.72261810302734,8.996639251708984
reentrant_10,79,82.5510025024414,66.27132415771484,8.000946998596191
reentrant_10,80,80.25261688232422,68.5698471069336,6.128838062286377
reentrant_10,81,81.69590759277344,59.019466400146484,8.084379196166992
reentrant_10,82,81.04002380371094,68.49811553955078,6.544536590576172
reentrant_10,83,82.97586059570312,61.11650085449219,6.880206108093262
reentrant_10,84,82.96298217773438,60.11821746826172,8.090970039367676
reentrant_10,85,84.49386596679688,66.02583312988281,8.716142654418945
reentrant_10,86,86.33802032470703,70.44905090332031,8.627192497253418
reentrant_10,87,89.94587707519531,77.4266586303711,10.569112777709961
reentrant_10,88,90.08833312988281,50.95094299316406,11.875816345214844
reentrant_10,89,90.60009765625,77.13897705078125,11.211966514587402
reentrant_10,90,93.01406860351562,78.38003540039062,10.750663757324219
reentrant_10,91,91.72245788574219,45.17502212524414,12.523270606994629
reentrant_10,92,90.02665710449219,71.10313415527344,8.923433303833008
reentrant_10,93,91.54592895507812,96.82662200927734,10.169198989868164
reentrant_10,94,91.17344665527344,66.95164489746094,10.288519859313965
reentrant_10,95,91.6006851196289,53.507076263427734,11.736172676086426
reentrant_10,96,92.83125305175781,57.65524673461914,9.423782348632812
reentrant_10,97,93.39163970947266,57.26706314086914,10.964116096496582
reentrant_10,98,95.00819396972656,70.46782684326172,11.810932159423828
reentrant_10,99,93.17756652832031,83.07975769042969,9.996743202209473
